Workbook

Sheet mental_health_india (Autosaved)
A1: respondent_id | B1: city | C1: age_group | D1: age | E1: gender | F1: occupation | G1: anxiety_score | H1: anxiety_level | I1: anxiety_zscore | J1: stress_score | K1: stress_level | L1: stress_zscore | M1: depression_score | N1: depression_level | O1: depression_zscore | P1: dass21_raw_score | Q1: round_dass21_raw_score | R1: Risk_level | S1: dass21_total | T1: dass21_category | U1: fmpce | V1: rounded_fmpce | W1: mpce | X1: mpce_inr | Y1: rmpce | Z1: rmpce_inr | AA1: income_description
A2: 1001 | B2: Bengaluru | C2: 41-50 years | D2: 43 | E2: Male | F2: Self-employed | G2: 6 | H2: =IF(Table1[[#This Row],[anxiety_score]]<=10, "Normal", IF(Table1[[#This Row],[anxiety_score]]<=20, "Moderate", IF(Table1[[#This Row],[anxiety_score]]<=30, "Severe", "Extremely Severe"))) -> Normal | I2: -0.4102887 | J2: 12 | K2: =IF(Table1[[#This Row],[stress_score]]<=10, "Normal", IF(Table1[[#This Row],[stress_score]]<=20, "Moderate", IF(Table1[[#This Row],[stress_score]]<=30, "Severe", "Extremely Severe"))) -> Moderate | L2: 0.005496318 | M2: 8 | N2: =IF(Table1[[#This Row],[depression_score]]<=10, "Normal", IF(Table1[[#This Row],[depression_score]]<=20, "Moderate", IF(Table1[[#This Row],[depression_score]]<=30, "Severe", "Extremely Severe"))) -> Normal | O2: -0.33828637 | P2: 8.666667 | Q2: =ROUND(Table1[[#This Row],[dass21_raw_score]],0) -> 9 | R2: =IF(Table1[[#This Row],[round_dass21_raw_score]]<=10, "Normal", IF(Table1[[#This Row],[round_dass21_raw_score]]<=20, "Moderate", IF(Table1[[#This Row],[round_dass21_raw_score]]<=30, "Severe", "Extremely Severe"))) -> Normal | S2: -0.24769291 | T2: 0.84721696 | U2: 1400 | V2: =ROUND(Table1[[#This Row],[fmpce]],0) -> 1400 | W2: 19.04653 | X2: =Table1[[#This Row],[mpce]]*89 -> 1695.1412 | Y2: USD 25.00 or less | Z2: =VLOOKUP(Y2, rmpce_reference!$B$1:$D$7,3,FALSE) * 89 -> 2225 | AA2: =IF(Table1[rmpce_inr]<=rmpce_reference!$F$2, "Low Income", IF(Table1[rmpce_inr]<=rmpce_reference!$F$3, "Middle Income", "High Income")) -> Low Income
A3: 1002 | B3: Bengaluru | C3: 41-50 years | D3: 50 | E3: Female | F3: Housewife | G3: 2 | H3: =IF(Table1[[#This Row],[anxiety_score]]<=10, "Normal", IF(Table1[[#This Row],[anxiety_score]]<=20, "Moderate", IF(Table1[[#This Row],[anxiety_score]]<=30, "Severe", "Extremely Severe"))) -> Normal | I3: -0.8123779 | J3: 4 | K3: =IF(Table1[[#This Row],[stress_score]]<=10, "Normal", IF(Table1[[#This Row],[stress_score]]<=20, "Moderate", IF(Table1[[#This Row],[stress_score]]<=30, "Severe", "Extremely Severe"))) -> Normal | L3: -0.77314866 | M3: 2 | N3: =IF(Table1[[#This Row],[depression_score]]<=10, "Normal", IF(Table1[[#This Row],[depression_score]]<=20, "Moderate", IF(Table1[[#This Row],[depression_score]]<=30, "Severe", "Extremely Severe"))) -> Normal | O3: -0.91619855 | P3: 2.6666667 | Q3: =ROUND(Table1[[#This Row],[dass21_raw_score]],0) -> 3 | R3: =IF(Table1[[#This Row],[round_dass21_raw_score]]<=10, "Normal", IF(Table1[[#This Row],[round_dass21_raw_score]]<=20, "Moderate", IF(Table1[[#This Row],[round_dass21_raw_score]]<=30, "Severe", "Extremely Severe"))) -> Normal | S3: -0.8339084 | T3: 0.26100153 | U3: 1666.6666 | V3: =ROUND(Table1[[#This Row],[fmpce]],0) -> 1667 | W3: 22.67444 | X3: =Table1[[#This Row],[mpce]]*89 -> 2018.0252 | Y3: USD 25.00 or less | Z3: =VLOOKUP(Y3, rmpce_reference!$B$1:$D$7,3,FALSE) * 89 -> 2225 | AA3: =IF(Table1[rmpce_inr]<=rmpce_reference!$F$2, "Low Income", IF(Table1[rmpce_inr]<=rmpce_reference!$F$3, "Middle Income", "High Income")) -> Low Income
A4: 1003 | B4: Bengaluru | C4: 41-50 years | D4: 49 | E4: Female | F4: Part-time salaried | G4: 2 | H4: =IF(Table1[[#This Row],[anxiety_score]]<=10, "Normal", IF(Table1[[#This Row],[anxiety_score]]<=20, "Moderate", IF(Table1[[#This Row],[anxiety_score]]<=30, "Severe", "Extremely Severe"))) -> Normal | I4: -0.8123779 | J4: 4 | K4: =IF(Table1[[#This Row],[stress_score]]<=10, "Normal", IF(Table1[[#This Row],[stress_score]]<=20, "Moderate", IF(Table1[[#This Row],[stress_score]]<=30, "Severe", "Extremely Severe"))) -> Normal | L4: -0.77314866 | M4: 2 | N4: =IF(Table1[[#This Row],[depression_score]]<=10, "Normal", IF(Table1[[#This Row],[depression_score]]<=20, "Moderate", IF(Table1[[#This Row],[depression_score]]<=30, "Severe", "Extremely Severe"))) -> Normal | O4: -0.91619855 | P4: 2.6666667 | Q4: =ROUND(Table1[[#This Row],[dass21_raw_score]],0) -> 3 | R4: =IF(Table1[[#This Row],[round_dass21_raw_score]]<=10, "Normal", IF(Table1[[#This Row],[round_dass21_raw_score]]<=20, "Moderate", IF(Table1[[#This Row],[round_dass21_raw_score]]<=30, "Severe", "Extremely Severe"))) -> Normal | S4: -0.8339084 | T4: 0.26100153 | U4: 5000 | V4: =ROUND(Table1[[#This Row],[fmpce]],0) -> 5000 | W4: 68.02332 | X4: =Table1[[#This Row],[mpce]]*89 -> 6054.0755 | Y4: USD 60.01-80.00 | Z4: =VLOOKUP(Y4, rmpce_reference!$B$1:$D$7,3,FALSE) * 89 -> 6230 | AA4: =IF(Table1[rmpce_inr]<=rmpce_reference!$F$2, "Low Income", IF(Table1[rmpce_inr]<=rmpce_reference!$F$3, "Middle Income", "High Income")) -> Middle Income
A5: 1004 | B5: Bengaluru | C5: 41-50 years | D5: 48 | E5: Female | F5: Housewife | G5: 2 | H5: =IF(Table1[[#This Row],[anxiety_score]]<=10, "Normal", IF(Table1[[#This Row],[anxiety_score]]<=20, "Moderate", IF(Table1[[#This Row],[anxiety_score]]<=30, "Severe", "Extremely Severe"))) -> Normal | I5: -0.8123779 | J5: 4 | K5: =IF(Table1[[#This Row],[stress_score]]<=10, "Normal", IF(Table1[[#This Row],[stress_score]]<=20, "Moderate", IF(Table1[[#This Row],[stress_score]]<=30, "Severe", "Extremely Severe"))) -> Normal | L5: -0.77314866 | M5: 2 | N5: =IF(Table1[[#This Row],[depression_score]]<=10, "Normal", IF(Table1[[#This Row],[depression_score]]<=20, "Moderate", IF(Table1[[#This Row],[depression_score]]<=30, "Severe", "Extremely Severe"))) -> Normal | O5: -0.91619855 | P5: 2.6666667 | Q5: =ROUND(Table1[[#This Row],[dass21_raw_score]],0) -> 3 | R5: =IF(Table1[[#This Row],[round_dass21_raw_score]]<=10, "Normal", IF(Table1[[#This Row],[round_dass21_raw_score]]<=20, "Moderate", IF(Table1[[#This Row],[round_dass21_raw_score]]<=30, "Severe", "Extremely Severe"))) -> Normal | S5: -0.8339084 | T5: 0.26100153 | U5: 1250 | V5: =ROUND(Table1[[#This Row],[fmpce]],0) -> 1250 | W5: 17.00583 | X5: =Table1[[#This Row],[mpce]]*89 -> 1513.5189 | Y5: USD 25.00 or less | Z5: =VLOOKUP(Y5, rmpce_reference!$B$1:$D$7,3,FALSE) * 89 -> 2225 | AA5: =IF(Table1[rmpce_inr]<=rmpce_reference!$F$2, "Low Income", IF(Table1[rmpce_inr]<=rmpce_reference!$F$3, "Middle Income", "High Income")) -> Low Income
A6: 1005 | B6: Bengaluru | C6: 41-50 years | D6: 42 | E6: Male | F6: Self-employed | G6: 2 | H6: =IF(Table1[[#This Row],[anxiety_score]]<=10, "Normal", IF(Table1[[#This Row],[anxiety_score]]<=20, "Moderate", IF(Table1[[#This Row],[anxiety_score]]<=30, "Severe", "Extremely Severe"))) -> Normal | I6: -0.8123779 | J6: 2 | K6: =IF(Table1[[#This Row],[stress_score]]<=10, "Normal", IF(Table1[[#This Row],[stress_score]]<=20, "Moderate", IF(Table1[[#This Row],[stress_score]]<=30, "Severe", "Extremely Severe"))) -> Normal | L6: -0.9678099 | M6: 2 | N6: =IF(Table1[[#This Row],[depression_score]]<=10, "Normal", IF(Table1[[#This Row],[depression_score]]<=20, "Moderate", IF(Table1[[#This Row],[depression_score]]<=30, "Severe", "Extremely Severe"))) -> Normal | O6: -0.91619855 | P6: 2 | Q6: =ROUND(Table1[[#This Row],[dass21_raw_score]],0) -> 2 | R6: =IF(Table1[[#This Row],[round_dass21_raw_score]]<=10, "Normal", IF(Table1[[#This Row],[round_dass21_raw_score]]<=20, "Moderate", IF(Table1[[#This Row],[round_dass21_raw_score]]<=30, "Severe", "Extremely Severe"))) -> Normal | S6: -0.8987955 | T6: 0.19611442 | U6: 1000 | V6: =ROUND(Table1[[#This Row],[fmpce]],0) -> 1000 | W6: 13.604665 | X6: =Table1[[#This Row],[mpce]]*89 -> 1210.8152 | Y6: USD 25.00 or less | Z6: =VLOOKUP(Y6, rmpce_reference!$B$1:$D$7,3,FALSE) * 89 -> 2225 | AA6: =IF(Table1[rmpce_inr]<=rmpce_reference!$F$2, "Low Income", IF(Table1[rmpce_inr]<=rmpce_reference!$F$3, "Middle Income", "High Income")) -> Low Income
A7: 1006 | B7: Bengaluru | C7: 41-50 years | D7: 45 | E7: Male | F7: Self-employed | G7: 8 | H7: =IF(Table1[[#This Row],[anxiety_score]]<=10, "Normal", IF(Table1[[#This Row],[anxiety_score]]<=20, "Moderate", IF(Table1[[#This Row],[anxiety_score]]<=30, "Severe", "Extremely Severe"))) -> Normal | I7: -0.20924409 | J7: 16 | K7: =IF(Table1[[#This Row],[stress_score]]<=10, "Normal", IF(Table1[[#This Row],[stress_score]]<=20, "Moderate", IF(Table1[[#This Row],[stress_score]]<=30, "Severe", "Extremely Severe"))) -> Moderate | L7: 0.3948188 | M7: 20 | N7: =IF(Table1[[#This Row],[depression_score]]<=10, "Normal", IF(Table1[[#This Row],[depression_score]]<=20, "Moderate", IF(Table1[[#This Row],[depression_score]]<=30, "Severe", "Extremely Severe"))) -> Moderate | O7: 0.817538 | P7: 14.666667 | Q7: =ROUND(Table1[[#This Row],[dass21_raw_score]],0) -> 15 | R7: =IF(Table1[[#This Row],[round_dass21_raw_score]]<=10, "Normal", IF(Table1[[#This Row],[round_dass21_raw_score]]<=20, "Moderate", IF(Table1[[#This Row],[round_dass21_raw_score]]<=30, "Severe", "Extremely Severe"))) -> Moderate | S7: 0.3343709 | T7: 1.4292808 | U7: 1250 | V7: =ROUND(Table1[[#This Row],[fmpce]],0) -> 1250 | W7: 17.00583 | X7: =Table1[[#This Row],[mpce]]*89 -> 1513.5189 | Y7: USD 25.00 or less | Z7: =VLOOKUP(Y7, rmpce_reference!$B$1:$D$7,3,FALSE) * 89 -> 2225 | AA7: =IF(Table1[rmpce_inr]<=rmpce_reference!$F$2, "Low Income", IF(Table1[rmpce_inr]<=rmpce_reference!$F$3, "Middle Income", "High Income")) -> Low Income
A8: 1007 | B8: Bengaluru | C8: 31-40 years | D8: 31 | E8: Female | F8: Housewife | G8: 8 | H8: =IF(Table1[[#This Row],[anxiety_score]]<=10, "Normal", IF(Table1[[#This Row],[anxiety_score]]<=20, "Moderate", IF(Table1[[#This Row],[anxiety_score]]<=30, "Severe", "Extremely Severe"))) -> Normal | I8: -0.20924409 | J8: 16 | K8: =IF(Table1[[#This Row],[stress_score]]<=10, "Normal", IF(Table1[[#This Row],[stress_score]]<=20, "Moderate", IF(Table1[[#This Row],[stress_score]]<=30, "Severe", "Extremely Severe"))) -> Moderate | L8: 0.3948188 | M8: 20 | N8: =IF(Table1[[#This Row],[depression_score]]<=10, "Normal", IF(Table1[[#This Row],[depression_score]]<=20, "Moderate", IF(Table1[[#This Row],[depression_score]]<=30, "Severe", "Extremely Severe"))) -> Moderate | O8: 0.817538 | P8: 14.666667 | Q8: =ROUND(Table1[[#This Row],[dass21_raw_score]],0) -> 15 | R8: =IF(Table1[[#This Row],[round_dass21_raw_score]]<=10, "Normal", IF(Table1[[#This Row],[round_dass21_raw_score]]<=20, "Moderate", IF(Table1[[#This Row],[round_dass21_raw_score]]<=30, "Severe", "Extremely Severe"))) -> Moderate | S8: 0.3343709 | T8: 1.4292808 | U8: 1250 | V8: =ROUND(Table1[[#This Row],[fmpce]],0) -> 1250 | W8: 17.00583 | X8: =Table1[[#This Row],[mpce]]*89 -> 1513.5189 | Y8: USD 25.00 or less | Z8: =VLOOKUP(Y8, rmpce_reference!$B$1:$D$7,3,FALSE) * 89 -> 2225 | AA8: =IF(Table1[rmpce_inr]<=rmpce_reference!$F$2, "Low Income", IF(Table1[rmpce_inr]<=rmpce_reference!$F$3, "Middle Income", "High Income")) -> Low Income
A9: 1008 | B9: Bengaluru | C9: 31-40 years | D9: 40 | E9: Female | F9: Self-employed | G9: 10 | H9: =IF(Table1[[#This Row],[anxiety_score]]<=10, "Normal", IF(Table1[[#This Row],[anxiety_score]]<=20, "Moderate", IF(Table1[[#This Row],[anxiety_score]]<=30, "Severe", "Extremely Severe"))) -> Normal | I9: -0.008199466 | J9: 14 | K9: =IF(Table1[[#This Row],[stress_score]]<=10, "Normal", IF(Table1[[#This Row],[stress_score]]<=20, "Moderate", IF(Table1[[#This Row],[stress_score]]<=30, "Severe", "Extremely Severe"))) -> Moderate | L9: 0.20015757 | M9: 18 | N9: =IF(Table1[[#This Row],[depression_score]]<=10, "Normal", IF(Table1[[#This Row],[depression_score]]<=20, "Moderate", IF(Table1[[#This Row],[depression_score]]<=30, "Severe", "Extremely Severe"))) -> Moderate | O9: 0.6249006 | P9: 14 | Q9: =ROUND(Table1[[#This Row],[dass21_raw_score]],0) -> 14 | R9: =IF(Table1[[#This Row],[round_dass21_raw_score]]<=10, "Normal", IF(Table1[[#This Row],[round_dass21_raw_score]]<=20, "Moderate", IF(Table1[[#This Row],[round_dass21_raw_score]]<=30, "Severe", "Extremely Severe"))) -> Moderate | S9: 0.27228624 | T9: 1.3671961 | U9: 1600 | V9: =ROUND(Table1[[#This Row],[fmpce]],0) -> 1600 | W9: 21.767464 | X9: =Table1[[#This Row],[mpce]]*89 -> 1937.3043 | Y9: USD 25.00 or less | Z9: =VLOOKUP(Y9, rmpce_reference!$B$1:$D$7,3,FALSE) * 89 -> 2225 | AA9: =IF(Table1[rmpce_inr]<=rmpce_reference!$F$2, "Low Income", IF(Table1[rmpce_inr]<=rmpce_reference!$F$3, "Middle Income", "High Income")) -> Low Income
A10: 1009 | B10: Bengaluru | C10: 31-40 years | D10: 35 | E10: Female | F10: Full-time salaried | G10: 10 | H10: =IF(Table1[[#This Row],[anxiety_score]]<=10, "Normal", IF(Table1[[#This Row],[anxiety_score]]<=20, "Moderate", IF(Table1[[#This Row],[anxiety_score]]<=30, "Severe", "Extremely Severe"))) -> Normal | I10: -0.008199466 | J10: 14 | K10: =IF(Table1[[#This Row],[stress_score]]<=10, "Normal", IF(Table1[[#This Row],[stress_score]]<=20, "Moderate", IF(Table1[[#This Row],[stress_score]]<=30, "Severe", "Extremely Severe"))) -> Moderate | L10: 0.20015757 | M10: 18 | N10: =IF(Table1[[#This Row],[depression_score]]<=10, "Normal", IF(Table1[[#This Row],[depression_score]]<=20, "Moderate", IF(Table1[[#This Row],[depression_score]]<=30, "Severe", "Extremely Severe"))) -> Moderate | O10: 0.6249006 | P10: 14 | Q10: =ROUND(Table1[[#This Row],[dass21_raw_score]],0) -> 14 | R10: =IF(Table1[[#This Row],[round_dass21_raw_score]]<=10, "Normal", IF(Table1[[#This Row],[round_dass21_raw_score]]<=20, "Moderate", IF(Table1[[#This Row],[round_dass21_raw_score]]<=30, "Severe", "Extremely Severe"))) -> Moderate | S10: 0.27228624 | T10: 1.3671961 | U10: 1666.6666 | V10: =ROUND(Table1[[#This Row],[fmpce]],0) -> 1667 | W10: 22.67444 | X10: =Table1[[#This Row],[mpce]]*89 -> 2018.0252 | Y10: USD 25.00 or less | Z10: =VLOOKUP(Y10, rmpce_reference!$B$1:$D$7,3,FALSE) * 89 -> 2225 | AA10: =IF(Table1[rmpce_inr]<=rmpce_reference!$F$2, "Low Income", IF(Table1[rmpce_inr]<=rmpce_reference!$F$3, "Middle Income", "High Income")) -> Low Income
A11: 1010 | B11: Bengaluru | C11: 31-40 years | D11: 40 | E11: Female | F11: Full-time salaried | G11: 10 | H11: =IF(Table1[[#This Row],[anxiety_score]]<=10, "Normal", IF(Table1[[#This Row],[anxiety_score]]<=20, "Moderate", IF(Table1[[#This Row],[anxiety_score]]<=30, "Severe", "Extremely Severe"))) -> Normal | I11: -0.008199466 | J11: 14 | K11: =IF(Table1[[#This Row],[stress_score]]<=10, "Normal", IF(Table1[[#This Row],[stress_score]]<=20, "Moderate", IF(Table1[[#This Row],[stress_score]]<=30, "Severe", "Extremely Severe"))) -> Moderate | L11: 0.20015757 | M11: 16 | N11: =IF(Table1[[#This Row],[depression_score]]<=10, "Normal", IF(Table1[[#This Row],[depression_score]]<=20, "Moderate", IF(Table1[[#This Row],[depression_score]]<=30, "Severe", "Extremely Severe"))) -> Moderate | O11: 0.4322632 | P11: 13.333333 | Q11: =ROUND(Table1[[#This Row],[dass21_raw_score]],0) -> 13 | R11: =IF(Table1[[#This Row],[round_dass21_raw_score]]<=10, "Normal", IF(Table1[[#This Row],[round_dass21_raw_score]]<=20, "Moderate", IF(Table1[[#This Row],[round_dass21_raw_score]]<=30, "Severe", "Extremely Severe"))) -> Moderate | S11: 0.20807377 | T11: 1.3029836 | U11: 6000 | V11: =ROUND(Table1[[#This Row],[fmpce]],0) -> 6000 | W11: 81.62799 | X11: =Table1[[#This Row],[mpce]]*89 -> 7264.8911 | Y11: USD 80.01-100.00 | Z11: =VLOOKUP(Y11, rmpce_reference!$B$1:$D$7,3,FALSE) * 89 -> 8010 | AA11: =IF(Table1[rmpce_inr]<=rmpce_reference!$F$2, "Low Income", IF(Table1[rmpce_inr]<=rmpce_reference!$F$3, "Middle Income", "High Income")) -> High Income
A12: 1011 | B12: Bengaluru | C12: 41-50 years | D12: 45 | E12: Female | F12: Housewife | G12: 10 | H12: =IF(Table1[[#This Row],[anxiety_score]]<=10, "Normal", IF(Table1[[#This Row],[anxiety_score]]<=20, "Moderate", IF(Table1[[#This Row],[anxiety_score]]<=30, "Severe", "Extremely Severe"))) -> Normal | I12: -0.008199466 | J12: 16 | K12: =IF(Table1[[#This Row],[stress_score]]<=10, "Normal", IF(Table1[[#This Row],[stress_score]]<=20, "Moderate", IF(Table1[[#This Row],[stress_score]]<=30, "Severe", "Extremely Severe"))) -> Moderate | L12: 0.3948188 | M12: 14 | N12: =IF(Table1[[#This Row],[depression_score]]<=10, "Normal", IF(Table1[[#This Row],[depression_score]]<=20, "Moderate", IF(Table1[[#This Row],[depression_score]]<=30, "Severe", "Extremely Severe"))) -> Moderate | O12: 0.23962581 | P12: 13.333333 | Q12: =ROUND(Table1[[#This Row],[dass21_raw_score]],0) -> 13 | R12: =IF(Table1[[#This Row],[round_dass21_raw_score]]<=10, "Normal", IF(Table1[[#This Row],[round_dass21_raw_score]]<=20, "Moderate", IF(Table1[[#This Row],[round_dass21_raw_score]]<=30, "Severe", "Extremely Severe"))) -> Moderate | S12: 0.20874839 | T12: 1.3036582 | U12: 1400 | V12: =ROUND(Table1[[#This Row],[fmpce]],0) -> 1400 | W12: 19.04653 | X12: =Table1[[#This Row],[mpce]]*89 -> 1695.1412 | Y12: USD 25.00 or less | Z12: =VLOOKUP(Y12, rmpce_reference!$B$1:$D$7,3,FALSE) * 89 -> 2225 | AA12: =IF(Table1[rmpce_inr]<=rmpce_reference!$F$2, "Low Income", IF(Table1[rmpce_inr]<=rmpce_reference!$F$3, "Middle Income", "High Income")) -> Low Income
A13: 1012 | B13: Bengaluru | C13: 31-40 years | D13: 34 | E13: Female | F13: Housewife | G13: 10 | H13: =IF(Table1[[#This Row],[anxiety_score]]<=10, "Normal", IF(Table1[[#This Row],[anxiety_score]]<=20, "Moderate", IF(Table1[[#This Row],[anxiety_score]]<=30, "Severe", "Extremely Severe"))) -> Normal | I13: -0.008199466 | J13: 16 | K13: =IF(Table1[[#This Row],[stress_score]]<=10, "Normal", IF(Table1[[#This Row],[stress_score]]<=20, "Moderate", IF(Table1[[#This Row],[stress_score]]<=30, "Severe", "Extremely Severe"))) -> Moderate | L13: 0.3948188 | M13: 14 | N13: =IF(Table1[[#This Row],[depression_score]]<=10, "Normal", IF(Table1[[#This Row],[depression_score]]<=20, "Moderate", IF(Table1[[#This Row],[depression_score]]<=30, "Severe", "Extremely Severe"))) -> Moderate | O13: 0.23962581 | P13: 13.333333 | Q13: =ROUND(Table1[[#This Row],[dass21_raw_score]],0) -> 13 | R13: =IF(Table1[[#This Row],[round_dass21_raw_score]]<=10, "Normal", IF(Table1[[#This Row],[round_dass21_raw_score]]<=20, "Moderate", IF(Table1[[#This Row],[round_dass21_raw_score]]<=30, "Severe", "Extremely Severe"))) -> Moderate | S13: 0.20874839 | T13: 1.3036582 | U13: 1250 | V13: =ROUND(Table1[[#This Row],[fmpce]],0) -> 1250 | W13: 17.00583 | X13: =Table1[[#This Row],[mpce]]*89 -> 1513.5189 | Y13: USD 25.00 or less | Z13: =VLOOKUP(Y13, rmpce_reference!$B$1:$D$7,3,FALSE) * 89 -> 2225 | AA13: =IF(Table1[rmpce_inr]<=rmpce_reference!$F$2, "Low Income", IF(Table1[rmpce_inr]<=rmpce_reference!$F$3, "Middle Income", "High Income")) -> Low Income
... A1272: 6230 | B1272: Mumbai | C1272: 41-50 years | D1272: 44 | E1272: Male | F1272: Self-employed | G1272: 14 | H1272: =IF(Table1[[#This Row],[anxiety_score]]<=10, "Normal", IF(Table1[[#This Row],[anxiety_score]]<=20, "Moderate", IF(Table1[[#This Row],[anxiety_score]]<=30, "Severe", "Extremely Severe"))) -> Moderate | I1272: 0.39388976 | J1272: 22 | K1272: =IF(Table1[[#This Row],[stress_score]]<=10, "Normal", IF(Table1[[#This Row],[stress_score]]<=20, "Moderate", IF(Table1[[#This Row],[stress_score]]<=30, "Severe", "Extremely Severe"))) -> Severe | L1272: 0.97880256 | M1272: 18 | N1272: =IF(Table1[[#This Row],[depression_score]]<=10, "Normal", IF(Table1[[#This Row],[depression_score]]<=20, "Moderate", IF(Table1[[#This Row],[depression_score]]<=30, "Severe", "Extremely Severe"))) -> Moderate | O1272: 0.6249006 | P1272: 18 | Q1272: =ROUND(Table1[[#This Row],[dass21_raw_score]],0) -> 18 | R1272: =IF(Table1[[#This Row],[round_dass21_raw_score]]<=10, "Normal", IF(Table1[[#This Row],[round_dass21_raw_score]]<=20, "Moderate", IF(Table1[[#This Row],[round_dass21_raw_score]]<=30, "Severe", "Extremely Severe"))) -> Moderate | S1272: 0.6658643 | T1272: 1.7607741 | U1272: 2142.8572 | V1272: =ROUND(Table1[[#This Row],[fmpce]],0) -> 2143 | W1272: 29.152853 | X1272: =Table1[[#This Row],[mpce]]*89 -> 2594.6039 | Y1272: USD 25.01-40.00 | Z1272: =VLOOKUP(Y1272, rmpce_reference!$B$1:$D$7,3,FALSE) * 89 -> 2848 | AA1272: =IF(Table1[rmpce_inr]<=rmpce_reference!$F$2, "Low Income", IF(Table1[rmpce_inr]<=rmpce_reference!$F$3, "Middle Income", "High Income")) -> Low Income

Sheet rmpce_reference
B1: rmpce_values | D1: rmpce_midvalues | F1: Percentile
B2: Above USD 100.00 | D2: 110 | F2: =_xlfn.PERCENTILE.INC(Table1[rmpce_inr], 0.33) -> 4450
B3: USD 25.00 or less | D3: 25 | F3: =_xlfn.PERCENTILE.INC(Table1[rmpce_inr],0.66) -> 6230
B4: USD 25.01-40.00 | D4: 32
B5: USD 40.01-60.00 | D5: 50
B6: USD 60.01-80.00 | D6: 70
B7: USD 80.01-100.00 | D7: 90

Sheet Pivot_analysis
A2: Q1) How do mental health indicators vary across major Indian cities?
A5: Row Labels | B5: Average of dass21_raw_score
A6: Bengaluru | B6: 13.664063
A7: Chennai | B7: 18.416667
A8: Delhi | B8: 5.6943089
A9: Hyderabad | B9: 7.0640394
A10: Kolkata | B10: 4.5862647
A11: Mumbai | B11: 17.044872
A14: Q2) How does income level influence anxiety and stress across males and females
A15: gender | B15: (All)
A17: Row Labels | B17: Average of anxiety_score | C17: Average of stress_score
A18: High Income | B18: 6.292804 | C18: 8.4813896
A19: Low Income | B19: 12.289269 | C19: 13.760498
A20: Middle Income | B20: 10.684444 | C20: 13.102222
A23: Q3) Which occupations display the highest mental stress,anxiety and depression?
A26: Occupation | B26: Average of stress_score | C26: Average of anxiety_score | D26: Average of depression_score
A27: Full-time salaried | B27: 12.029963 | C27: 9.7677903 | D27: 11.108614
A28: Full-time variable income | B28: 12 | C28: 10.666667 | D28: 11.047619
A29: Housewife | B29: 10.527778 | C29: 9.0111111 | D29: 10.083333
A30: Part-time salaried | B30: 9.8333333 | C30: 9.7222222 | D30: 12
A31: Retired | B31: 18 | C31: 17.2 | D31: 15.6
A32: Self-employed | B32: 13.572881 | C32: 11.708475 | D32: 13.701695
A33: Student | B33: 30 | C33: 14 | D33: 16
A34: Unemployed | B34: 14.210526 | C34: 13.368421 | D34: 16
